{
    "municipio": "Valledupar",
    "lyapunov_max": 0.03378413065127415,
    "n_steps": 50,
    "beta": 0.2,
    "sigma": 0.016666666666666666,
    "gamma": 0.005555555555555556,
    "N": 100000
}