{
    "municipio": "Valledupar",
    "beta": 4.9999999999999996e-06,
    "sigma": 1e-06,
    "gamma": 2.0,
    "N": 100000,
    "rmse": 8.275353858384635,
    "c": 0.25,
    "N0": 9215.031671393344
}