{
  "beta": 0.2,
  "alpha": 0.01,
  "sigma": 0.016666666666666666,
  "gamma": 0.005555555555555556,
  "mu": 3.913894324853229e-05,
  "c": 0.05,
  "d": 0.0027397260273972603,
  "N0": 3500.0,
  "m_out": 0.017094017094017096
}