{
    "beta": 0.04000000000000001,
    "alpha": 0.01,
    "sigma": 0.016666666666666666,
    "gamma": 0.005555555555555556,
    "mu": 3.913894324853229e-05,
    "c": 0.01999060347861579,
    "d": 0.0027397260273972603,
    "N0": 3500.000005956496,
    "m_out": 0.017094017094017096,
    "Lambda": 0.136986301369863,
    "rmse_base": 18.847417527126535,
    "rmse_opt": 18.67503374497738,
    "mse": 348.7568853760439,
    "mae": 14.971471296473263,
    "r2": -4.877925034427705,
    "threshold_alta_incidencia": 3.0
}